{"cameraMode":{"drawMode":0,"name":"Shaded","section":"Shading Mode"},"sceneLighting":false,"audioPlay":false,"sceneViewState":{"m_AlwaysRefresh":false,"showFog":true,"showSkybox":true,"showFlares":true,"showImageEffects":true,"showParticleSystems":true,"showVisualEffectGraphs":true,"m_FxEnabled":false},"in2DMode":false,"pivot":{"x":-0.10061264038085938,"y":1.3847637176513672,"z":-0.5339398384094238},"rotation":{"x":-0.2420583814382553,"y":-0.012829547747969628,"z":0.003125470131635666,"w":-0.9702048301696777},"size":11.643969535827637,"orthographic":false}