{"cameraMode":{"drawMode":0,"name":"Shaded","section":"Shading Mode"},"sceneLighting":false,"audioPlay":false,"sceneViewState":{"m_AlwaysRefresh":false,"showFog":true,"showSkybox":true,"showFlares":true,"showImageEffects":true,"showParticleSystems":true,"showVisualEffectGraphs":true,"m_FxEnabled":false},"in2DMode":false,"pivot":{"x":-14.720733642578125,"y":0.9990963935852051,"z":1.6155991554260255},"rotation":{"x":-0.2927889823913574,"y":0.13030396401882173,"z":-0.04026125371456146,"w":-0.9464869499206543},"size":3.4001059532165529,"orthographic":false}