{"cameraMode":{"drawMode":0,"name":"Shaded","section":"Shading Mode"},"sceneLighting":false,"audioPlay":false,"sceneViewState":{"m_AlwaysRefresh":false,"showFog":true,"showSkybox":true,"showFlares":true,"showImageEffects":true,"showParticleSystems":true,"showVisualEffectGraphs":true,"m_FxEnabled":false},"in2DMode":false,"pivot":{"x":-0.37157493829727175,"y":1.112457513809204,"z":-0.07200521230697632},"rotation":{"x":-0.08771738409996033,"y":0.8580049276351929,"z":-0.15608587861061097,"w":-0.4816034436225891},"size":1.441178560256958,"orthographic":false}