{"cameraMode":{"drawMode":0,"name":"Shaded","section":"Shading Mode"},"sceneLighting":false,"audioPlay":false,"sceneViewState":{"m_AlwaysRefresh":false,"showFog":true,"showSkybox":true,"showFlares":true,"showImageEffects":true,"showParticleSystems":true,"showVisualEffectGraphs":true,"m_FxEnabled":false},"in2DMode":false,"pivot":{"x":0.9207011461257935,"y":2.806842803955078,"z":4.131771087646484},"rotation":{"x":0.3063455820083618,"y":0.03166651725769043,"z":-0.010276888497173787,"w":0.9514464139938355},"size":3.2553513050079347,"orthographic":false}