{"cameraMode":{"drawMode":0,"name":"Shaded","section":"Shading Mode"},"sceneLighting":false,"audioPlay":false,"sceneViewState":{"m_AlwaysRefresh":false,"showFog":true,"showSkybox":false,"showFlares":true,"showImageEffects":true,"showParticleSystems":true,"showVisualEffectGraphs":true,"m_FxEnabled":false},"in2DMode":false,"pivot":{"x":-5.960464477539063e-8,"y":0.7141001224517822,"z":-7.819299697875977},"rotation":{"x":0.13413368165493012,"y":-0.2609971761703491,"z":0.036653172224760059,"w":0.9552953839302063},"size":0.8660253882408142,"orthographic":false}